insert into public.orgs (id, slug, name) values
  ('10000000-0000-0000-0000-000000000001', 'aqueduct', 'Aqueduct Research'),
  ('10000000-0000-0000-0000-000000000002', 'beacon', 'Beacon Policy'),
  ('10000000-0000-0000-0000-000000000003', 'lattice', 'Lattice Labs');

insert into public.participants (id, handle) values
  ('20000000-0000-0000-0000-000000000001', 'maya-k'),
  ('20000000-0000-0000-0000-000000000002', 'jon-b'),
  ('20000000-0000-0000-0000-000000000003', 'aisha-r'),
  ('20000000-0000-0000-0000-000000000004', 'leo-s'),
  ('20000000-0000-0000-0000-000000000005', 'nora-v'),
  ('20000000-0000-0000-0000-000000000006', 'sam-t'),
  ('20000000-0000-0000-0000-000000000007', 'elena-p'),
  ('20000000-0000-0000-0000-000000000008', 'dev-c');

insert into public.participant_attributes (participant_id, key, value, sensitivity) values
  ('20000000-0000-0000-0000-000000000001','name','Maya K.','standard'),
  ('20000000-0000-0000-0000-000000000001','email','maya.k@example.test','sensitive'),
  ('20000000-0000-0000-0000-000000000001','location','London, UK','standard'),
  ('20000000-0000-0000-0000-000000000001','skills','Technical governance · evaluations · Python','standard'),
  ('20000000-0000-0000-0000-000000000001','seeking','Research engineering roles','standard'),
  ('20000000-0000-0000-0000-000000000001','notes','Prefers mission-focused teams under 80 people.','sensitive'),
  ('20000000-0000-0000-0000-000000000002','name','Jon Bell','standard'),
  ('20000000-0000-0000-0000-000000000002','email','jon.b@example.test','sensitive'),
  ('20000000-0000-0000-0000-000000000002','location','Berlin, DE','standard'),
  ('20000000-0000-0000-0000-000000000002','skills','Policy research · biosecurity · writing','standard'),
  ('20000000-0000-0000-0000-000000000002','seeking','Policy fellowships','standard'),
  ('20000000-0000-0000-0000-000000000002','notes','Available from September; open to relocation.','sensitive'),
  ('20000000-0000-0000-0000-000000000003','name','Aisha Rahman','standard'),
  ('20000000-0000-0000-0000-000000000003','email','aisha.r@example.test','sensitive'),
  ('20000000-0000-0000-0000-000000000003','location','Nairobi, KE','standard'),
  ('20000000-0000-0000-0000-000000000003','skills','Operations · grants · community building','standard'),
  ('20000000-0000-0000-0000-000000000003','seeking','Chief of staff or program roles','standard'),
  ('20000000-0000-0000-0000-000000000003','notes','Strong preference for distributed teams.','sensitive'),
  ('20000000-0000-0000-0000-000000000004','name','Leo Santos','standard'),
  ('20000000-0000-0000-0000-000000000004','email','leo.s@example.test','sensitive'),
  ('20000000-0000-0000-0000-000000000004','location','Madrid, ES','standard'),
  ('20000000-0000-0000-0000-000000000004','skills','ML engineering · interpretability · Rust','standard'),
  ('20000000-0000-0000-0000-000000000004','seeking','Applied research roles','standard'),
  ('20000000-0000-0000-0000-000000000004','notes','Shared directly after a conference conversation.','sensitive'),
  ('20000000-0000-0000-0000-000000000005','name','Nora V.','standard'),
  ('20000000-0000-0000-0000-000000000005','email','nora.v@example.test','sensitive'),
  ('20000000-0000-0000-0000-000000000005','location','Toronto, CA','standard'),
  ('20000000-0000-0000-0000-000000000005','skills','Forecasting · statistics · facilitation','standard'),
  ('20000000-0000-0000-0000-000000000005','seeking','Short-term research contracts','standard'),
  ('20000000-0000-0000-0000-000000000005','notes','Currently balancing part-time study.','sensitive'),
  ('20000000-0000-0000-0000-000000000006','name','Sam Taylor','standard'),
  ('20000000-0000-0000-0000-000000000006','email','sam.t@example.test','sensitive'),
  ('20000000-0000-0000-0000-000000000006','location','Boston, US','standard'),
  ('20000000-0000-0000-0000-000000000006','skills','Security engineering · threat modeling · Go','standard'),
  ('20000000-0000-0000-0000-000000000006','seeking','Senior individual-contributor roles','standard'),
  ('20000000-0000-0000-0000-000000000006','notes','Does not want current employer contacted.','sensitive'),
  ('20000000-0000-0000-0000-000000000007','name','Elena Petrova','standard'),
  ('20000000-0000-0000-0000-000000000007','email','elena.p@example.test','sensitive'),
  ('20000000-0000-0000-0000-000000000007','location','Prague, CZ','standard'),
  ('20000000-0000-0000-0000-000000000007','skills','Program management · multilingual comms','standard'),
  ('20000000-0000-0000-0000-000000000007','seeking','Operations leadership','standard'),
  ('20000000-0000-0000-0000-000000000007','notes','Prefers a four-day week.','sensitive'),
  ('20000000-0000-0000-0000-000000000008','name','Dev Chen','standard'),
  ('20000000-0000-0000-0000-000000000008','email','dev.c@example.test','sensitive'),
  ('20000000-0000-0000-0000-000000000008','location','Singapore','standard'),
  ('20000000-0000-0000-0000-000000000008','skills','Data engineering · privacy · TypeScript','standard'),
  ('20000000-0000-0000-0000-000000000008','seeking','Infrastructure or data roles','standard'),
  ('20000000-0000-0000-0000-000000000008','notes','Happy to advise before considering a move.','sensitive');

insert into public.consent_grants (participant_id, org_id, attribute_key, basis) values
  ('20000000-0000-0000-0000-000000000001','10000000-0000-0000-0000-000000000001','*','Opted in to all safety orgs'),
  ('20000000-0000-0000-0000-000000000001','10000000-0000-0000-0000-000000000002','*','Opted in to all safety orgs'),
  ('20000000-0000-0000-0000-000000000001','10000000-0000-0000-0000-000000000003','*','Opted in to all safety orgs'),
  ('20000000-0000-0000-0000-000000000002','10000000-0000-0000-0000-000000000002','name','Shared non-sensitive profile'),
  ('20000000-0000-0000-0000-000000000002','10000000-0000-0000-0000-000000000002','location','Shared non-sensitive profile'),
  ('20000000-0000-0000-0000-000000000002','10000000-0000-0000-0000-000000000002','skills','Shared non-sensitive profile'),
  ('20000000-0000-0000-0000-000000000002','10000000-0000-0000-0000-000000000002','seeking','Shared non-sensitive profile'),
  ('20000000-0000-0000-0000-000000000003','10000000-0000-0000-0000-000000000001','name','Applied to this org'),
  ('20000000-0000-0000-0000-000000000003','10000000-0000-0000-0000-000000000001','email','Applied to this org'),
  ('20000000-0000-0000-0000-000000000003','10000000-0000-0000-0000-000000000001','skills','Applied to this org'),
  ('20000000-0000-0000-0000-000000000003','10000000-0000-0000-0000-000000000001','seeking','Applied to this org'),
  ('20000000-0000-0000-0000-000000000004','10000000-0000-0000-0000-000000000003','name','Shared directly with recruiter'),
  ('20000000-0000-0000-0000-000000000004','10000000-0000-0000-0000-000000000003','email','Shared directly with recruiter'),
  ('20000000-0000-0000-0000-000000000004','10000000-0000-0000-0000-000000000003','location','Shared directly with recruiter'),
  ('20000000-0000-0000-0000-000000000004','10000000-0000-0000-0000-000000000003','skills','Shared directly with recruiter'),
  ('20000000-0000-0000-0000-000000000005','10000000-0000-0000-0000-000000000001','name','Open call opt-in'),
  ('20000000-0000-0000-0000-000000000005','10000000-0000-0000-0000-000000000001','location','Open call opt-in'),
  ('20000000-0000-0000-0000-000000000005','10000000-0000-0000-0000-000000000001','skills','Open call opt-in'),
  ('20000000-0000-0000-0000-000000000005','10000000-0000-0000-0000-000000000001','seeking','Open call opt-in'),
  ('20000000-0000-0000-0000-000000000005','10000000-0000-0000-0000-000000000002','name','Open call opt-in'),
  ('20000000-0000-0000-0000-000000000005','10000000-0000-0000-0000-000000000002','location','Open call opt-in'),
  ('20000000-0000-0000-0000-000000000005','10000000-0000-0000-0000-000000000002','skills','Open call opt-in'),
  ('20000000-0000-0000-0000-000000000005','10000000-0000-0000-0000-000000000002','seeking','Open call opt-in'),
  ('20000000-0000-0000-0000-000000000006','10000000-0000-0000-0000-000000000001','name','Applied to this org'),
  ('20000000-0000-0000-0000-000000000006','10000000-0000-0000-0000-000000000001','email','Applied to this org'),
  ('20000000-0000-0000-0000-000000000006','10000000-0000-0000-0000-000000000001','location','Applied to this org'),
  ('20000000-0000-0000-0000-000000000006','10000000-0000-0000-0000-000000000001','skills','Applied to this org'),
  ('20000000-0000-0000-0000-000000000006','10000000-0000-0000-0000-000000000001','seeking','Applied to this org'),
  ('20000000-0000-0000-0000-000000000007','10000000-0000-0000-0000-000000000002','name','Public field'),
  ('20000000-0000-0000-0000-000000000007','10000000-0000-0000-0000-000000000002','location','Public field'),
  ('20000000-0000-0000-0000-000000000007','10000000-0000-0000-0000-000000000002','skills','Public field'),
  ('20000000-0000-0000-0000-000000000007','10000000-0000-0000-0000-000000000002','seeking','Public field'),
  ('20000000-0000-0000-0000-000000000008','10000000-0000-0000-0000-000000000003','name','Shared for infrastructure roles'),
  ('20000000-0000-0000-0000-000000000008','10000000-0000-0000-0000-000000000003','location','Shared for infrastructure roles'),
  ('20000000-0000-0000-0000-000000000008','10000000-0000-0000-0000-000000000003','skills','Shared for infrastructure roles'),
  ('20000000-0000-0000-0000-000000000008','10000000-0000-0000-0000-000000000003','seeking','Shared for infrastructure roles'),
  ('20000000-0000-0000-0000-000000000008','10000000-0000-0000-0000-000000000003','notes','Shared for infrastructure roles'),
  ('20000000-0000-0000-0000-000000000008','10000000-0000-0000-0000-000000000001','name','Shared directly with recruiter'),
  ('20000000-0000-0000-0000-000000000008','10000000-0000-0000-0000-000000000001','skills','Shared directly with recruiter');

insert into public.access_log (org_id, participant_id, attribute_key, accessed_at) values
  ('10000000-0000-0000-0000-000000000001','20000000-0000-0000-0000-000000000001','email', now() - interval '2 minutes'),
  ('10000000-0000-0000-0000-000000000002','20000000-0000-0000-0000-000000000001','skills', now() - interval '24 minutes'),
  ('10000000-0000-0000-0000-000000000001','20000000-0000-0000-0000-000000000001','notes', now() - interval '74 minutes'),
  ('10000000-0000-0000-0000-000000000003','20000000-0000-0000-0000-000000000001','seeking', now() - interval '26 hours'),
  ('10000000-0000-0000-0000-000000000002','20000000-0000-0000-0000-000000000002','skills', now() - interval '8 minutes'),
  ('10000000-0000-0000-0000-000000000001','20000000-0000-0000-0000-000000000003','email', now() - interval '19 minutes'),
  ('10000000-0000-0000-0000-000000000003','20000000-0000-0000-0000-000000000004','skills', now() - interval '49 minutes'),
  ('10000000-0000-0000-0000-000000000003','20000000-0000-0000-0000-000000000008','notes', now() - interval '2 days');

-- A revoked-field story is represented by absence: Dev previously shared email with
-- Lattice, but no email grant exists now. Deleting a grant is the entire revoke path.
